TEXT,DATE,A specific friend or family member,A good social life,General positivity in the world,Running,Good health,Physical ability or accomplishment,"Free time, relaxation or lack of responsibility",Physical intimacy,A unique experience,Feeling romantically wanted,Beauty or tranquility of surroundings,Living in Amsterdam / Netherlands,Belonging where I live,Apartment,The little things (e.g. fresh sheets),Unexpected good luck,Good weather,Being skilled at things,Work accomplishment,Colleagues,Flow,Hope for the future,Release (e.g. cool swim after heat),Noticing strong positive emotions in myself,Post-lockdown normality,Physical safety,Sports team winning,Food,Financial and employment situation,The worst is over / it could be worse,"Possessions, technology, or advanced society",Music,Computer gaming
Proper hugs,28/09/2020,,,,,,,,1,,,,,,,,,,,,,,,,,,,,,,,,,
Nothing to do,27/09/2020,,,,,,,1,,,,,,,,,,,,,,,,,,,,,,,,,,
Milo and Wouter switching to English mid sentence to accommodate me,27/09/2020,,,,,,,,,,,,,1,,,,,,,,,,,,,,,,,,,,
I actually got a 5% raise to become a DSI!,27/09/2020,,,,,,,,,,,,,,,,,,,1,,,,,,,,,,,,,,
Realising how advanced all the stuff we do with sustainable energy in NL is,26/09/2020,,,,,,,,,,,,1,,,,,,,,,,,,,,,,,,,,,
Having intellectual conversation with Milo and Wouter on the way back from the race. ,26/09/2020,,1,,,,,,,,,,,1,,,,,,,,,,,,,,,,,,,,
Enjoying the race! A celebration of your youth. A celebration of your training. An opportunity to live in the moment. And forget about shit work. And shit rejection,26/09/2020,,,,,,1,,,,,,,,,,,,,,,1,,,,,,,,,,,,
Being attracted to someone at RJ and her giggling and smiling at me a lot. At least there's hope!,24/09/2020,,,,,,,,,,1,,,,,,,,,,,,1,,,,,,,,,,,
Dutch honesty,22/09/2020,,,1,,,,,,,,,1,,,,,,,,,,,,,,,,,,,,,
Amsterdam is so English. Even Dutch people in the cafe were speaking solely English.,22/09/2020,,,,,,,,,,,,1,,,,,,,,,,,,,,,,,,,,,
Broers coffee shop,22/09/2020,,,,,,,,,,,,,1,,,,,,,,,,,,,,,,,,,,
Not fighting with my doc about a vasectomy,22/09/2020,,,,,,,,,,,,1,,,,,,,,,,,,,,,,,,,,,
Candles are pretty cool,22/09/2020,,,,,,,,,,,,,,,,,,,,,,,,,,,,,,,1,,
The people I'm matching on Tinder with are attractive doctors etc. Well done!,22/09/2020,,,,,,,,,,1,,,,,,,,,,,,1,,,,,,,,,,,
Sunny Amsterdam,21/09/2020,,,,,,,,,,,,,,,,,1,,,,,,,,,,,,,,,,
Hanneke - a kindred spirit,20/09/2020,1,,,,,,,,,,,,,,,,,,,,,,,,,,,,,,,,
"Run, beach and beer time",20/09/2020,,1,,1,,,,,,,,,,,,,,,,,,,,,,,,,,,,,
Living within beach distance,20/09/2020,,,,,,,,,,,,1,,,,,,,,,,,,,,,,,,,,,
"Watching the cricket during a lovely evening on my fancy rooftop, best of all worlds",19/09/2020,,,,,,,,,,,,,,1,,,,,,,,,,,,,,,,,,,
Exploring! And Dutch people are inviting me to do so! Going to Twiske today and kennemerduinen tomorrow,19/09/2020,,1,,,,,,,,,,,1,,,,,,,,,,,,,,,,,,,,
"Gersom saying I'm nice to be with, maybe that's why I get friendzoned",17/09/2020,,1,,,,,,,,,,,,,,,,,,,,,,,,,,,,,,,
Romantic-Interest-A,17/09/2020,,,,,,,,,,,,,,,,,,,,,,1,,1,,,,,,,,,
Amsterdam is home,15/09/2020,,,,,,,,,,,,,1,,,,,,,,,,,,,,,,,,,,
"Sitting and looking at my pile of devices on the train. One makes me money and connects me to the workplace. One can connect me to anyone I know, and capture memories. One is the entire world's collection of books - fiction or nonfiction. Another can play the music from any of the best artists in the world. It's insane!",15/09/2020,,,,,,,,,,,,,,,,,,,,,,,,,,,,,,,1,,
Things working exactly on schedule,15/09/2020,,,,,,,,,,,,1,,,,,,,,,,,,,,,,,,,,,
Silence,14/09/2020,,,,,,,,,,,1,,,,,,,,,,,,,,,,,,,,,,
"Walking past a guest lodge with a church in Austria, and they ding the bell hello :)",14/09/2020,,,1,,,,,,,,,,,,,,,,,,,,,,,,,,,,,,
Seeing the Alps,13/09/2020,,,,,,,,,,,1,,,,,,,,,,,,,,,,,,,,,,
Getting a DS role handed to me on a platter,13/09/2020,,,,,,,,,,,,,,,,,,,1,,,,,,,,,,,,,,
A real meal on top of a mountain,12/09/2020,,,,,,,,,,,,1,,,,,,,,,,,,,,,,,,,,,
Seeing a marmot,12/09/2020,,,,,,,,,1,,,,,,,,,,,,,,,,,,,,,,,,
Complete silence! Twice in the last 12h,12/09/2020,,,,,,,,,,,1,,,,,,,,,,,,,,,,,,,,,,
"We probably live in the prime of the human existence: agility to explore the world, no wars, no global warming repercussions yet",12/09/2020,,,,,,,,,,,,,,,,,,,,,,,,,,,,,,,1,,
Beautiful places. Innsbruck,11/09/2020,,,,,,,,,,,1,,,,,,,,,,,,,,,,,,,,,,
Being able to come to Innsbruck,11/09/2020,,,,,,,,,,,,1,,,,,,,,,,,,,1,,,,,,,,
A bustling airport = good economic recovery,11/09/2020,,,,,,,,,,,,,,,,,,,,,,,,,1,,,,,,,,
Living in a city with romantic prospects. Way better than kby or CT,10/09/2020,,,,,,,,,,,,1,,,,,,,,,,,,,,,,,,,,,
Daily cycle past (and living by) an actual Olympic stadium,10/09/2020,,,,,,,,,,,,1,,,,,,,,,,,,,,,,,,,,,
Fresh sheets,09/09/2020,,,,,,,,,,,,,,1,,,,,,,,,,,,,,,,,,,
Innocently cycling to work with a backpack,09/09/2020,,,1,,,,,,,,,1,,,,,,,,,,,,,,,,,,,,,
It's the time of the year when you can watch sunrises and sunsets,07/09/2020,,,,,,,,,,,1,,,,,,,,,,,,,,,,,,,,,,
Sunrise swim,07/09/2020,,,,,,,,,,,1,,,,,,,,,,,,,,,,,,,,,,
The innocence of walking with your hands in your pockets to an honest days work,07/09/2020,,,1,,,,,,,,,1,,,,,,,,,,,,,,,,,,,,,
An unexpectedly sunny afternoon,06/09/2020,,,,,,,,,,,,,,,,,1,,,,,,,,,,,,,,,,
Booty calls,05/09/2020,,,,,,,,,,1,,,,,,,,,,,,,,,,,,,,,,,
The Amsterdam market,05/09/2020,,,,,,,,,,,,1,,,,,,,,,,,,,,,,,,,,,
Swimming faster,05/09/2020,,,,,,1,,,,,,,,,,,,,,,,,,,,,,,,,,,
Being done with the week and nothing stressful required over the weekend,04/09/2020,,,,,,,1,,,,,,,,,,,,,,,,,,,,,,,,,,
Stressful meetings all done for the week,03/09/2020,,,,,,,,,,,,,,,,,,,,,,,,,,,,,,1,,,
A track session!,03/09/2020,,,,1,,,,,,,,,,,,,,,,,,,,,,,,,,,,,
Passing my interview,02/09/2020,,,,,,,,,,,,,,,,,,,1,,,,,,,,,,,,,,
Being touched,02/09/2020,,,,,,,,1,,1,,,,,,,,,,,,,,,,,,,,,,,
The most tranquil swim I've ever had,02/09/2020,,,,,,,,,,,1,,,,,,,,,,,,,,,,,,,,,,
Dogs bringing me sticks to throw,01/09/2020,,1,,,,,,,,,,,,,,,,,,,,,,,,,,,,,,,
Vivian,01/09/2020,1,,,,,,,,,,,,,,,,,,,,,,,,,,,,,,,,
A perfect (run + swim + Hanneke) run morning,01/09/2020,1,,,,,,,,,,1,1,,,,,,,,,,,,,,,,,,,,,
Mature relationship discussions,31/08/2020,,,1,,,,,,,,,,,,,,,,,,,,,,,,,,,,,,
Cycling a bottle of wine over to your friend ,31/08/2020,,,,,,,,,,,,1,,,,,,,,,,,,,,,,,,,,,
Vivian,29/08/2020,1,,,,,,,,,,,,,,,,,,,,,,,,,,,,,,,,
A day without any urgency,29/08/2020,,,,,,,1,,,,,,,,,,,,,,,,,,,,,,,,,,
Going to a cinema again,29/08/2020,,,,,,,,,,,,,,,,,,,,,,,,,1,,,,,,,,
Sex,29/08/2020,,,,,,,,1,,,,,,,,,,,,,,,,,,,,,,,,,
Peace,27/08/2020,,,,,,,,,,,1,,,,,,,,,,,,,,,,,,,,,,
Being able to run normally,25/08/2020,,,,,1,,,,,,,,,,,,,,,,,,,,,,,,,,,,
Being cool enough to enjoy a hot shower again,25/08/2020,,,,,,,,,,,,,,1,,,1,,,,,,,,,,,,,,,,
A pug's terrified breathing as it ran away from my hug attempt,25/08/2020,,,1,,,,,,,,,,,,,,,,,,,,,,,,,,,,,,
Money to buy games,24/08/2020,,,,,,,,,,,,,,,,,,,,,,,,,,,,,1,,,,
My neighbours not being able to see into my study,24/08/2020,,,,,,,,,,,,,,1,,,,,,,,,,,,,,,,,,,
Vivian,23/08/2020,1,,,,,,,,,,,,,,,,,,,,,,,,,,,,,,,,
A proper free weekend,23/08/2020,,,,,,,1,,,,,,,,,,,,,,,,,,,,,,,,,,
RJ Thursday run + beer,20/08/2020,,1,,1,,,,,,,,,,,,,,,,,,,,,,,,,,,,,
An easy no stress no exercise morning,20/08/2020,,,,,,,1,,,,,,,,,,,,,,,,,,,,,,,,,,
No big meetings in the next few days,19/08/2020,,,,,,,1,,,,,,,,,,,,,,,,,,,,,,,,,,
A clean apartment!,19/08/2020,,,,,,,,,,,,,,,1,,,,,,,,,,,,,,,,,,
Being in a thunderstorm,16/08/2020,,,,,,,,,,,,,,,,,1,,,,,,,,,,,,,,,,
"Being spoilt by default: Sicilian wine, SA wors, Flemish mayo",15/08/2020,,,,,,,,,,,,,,,,,,,,,,,,,,,,,1,,,,
Cool evening (again),15/08/2020,,,,,,,,,,,,,,,,,1,,,,,,,,,,,,,,,,
Boerewors,15/08/2020,,,,,,,,,,,,,,,,,,,,,,,,,,,,1,,,,,
It's cooled down!,14/08/2020,,,,,,,,,,,,,,,,,1,,,,,,,,,,,,,,,,
"""insider secret"" places in Amsterdam like Italian coffee and arancini joint, Broers",14/08/2020,,,,,,,,,,,,1,1,,,,,,,,,,,,,,,,,,,,
The heatwave is over!,13/08/2020,,,,,,,,,,,,,,,,,1,,,,,,,,,,,,,,,,
Being able to go swim mid workday,13/08/2020,,,,,,,,,,,,,,,,,,,,,,,,,,,,,1,,,,
Mostly competent colleagues,12/08/2020,,,,,,,,,,,,,,,,,,,,1,,,,,,,,,,,,,
Dutch humour in de speld,12/08/2020,,,1,,,,,,,,,,,,,,,,,,,,,,,,,,,,,,
Jokes with vivian,12/08/2020,1,,1,,,,,,,,,,,,,,,,,,,,,,,,,,,,,,
My longest swim ever!,12/08/2020,,,,,,1,,,,,,,,,,,,,,,,,,,,,,,,,,,
A really cool morning lake swim when it's hot outside,11/08/2020,,,,,,,,,,,,,,,,,,,,,,,1,,,,,,,,,,
Dutch people dining outside and chatting to people as they come past,10/08/2020,,,1,,,,,,,,,1,,,,,,,,,,,,,,,,,,,,,
"Splurging on good food (once in a blue moon, not as a lifestyle)",10/08/2020,,,,,,,,,,,,,,,,,,,,,,,,,,,,1,1,,,,
Ice cream,10/08/2020,,1,,,,,,,,,,,,,,,,,,,,,,,,,,1,,,,,
It being cool enough to sleep properly,10/08/2020,,,,,,,,,,,,,,,,,1,,,,,,,,,,,,,,,,
An evening to myself,10/08/2020,,,,,,,1,,,,,,,,,,,,,,,,,,,,,,,,,,
Fancy Amsterdam terraces,09/08/2020,,,,,,,,,,,,1,,,,,,,,,,,,,,,,,,,,,
Vivian and Nick's friendship,08/08/2020,1,,,,,,,,,,,,,,,,,,,,,,,,,,,,,,,,
Games with friends,08/08/2020,,1,,,,,,,,,,,,,,,,,,,,,,,,,,,,,,,
Running shirtless,07/08/2020,,,,1,,,,,,,,,,,,,1,,,,,,,,,,,,,,,,
A free evening,07/08/2020,,,,,,,1,,,,,,,,,,,,,,,,,,,,,,,,,,
"Work beers in the park with colleagues. For the first time, it felt right.",07/08/2020,,,,,,,,,,,,,,,,,,,,1,,,,,,,,,,,,,
People in the neighbourhood picking up street trash,02/08/2020,,,1,,,,,,,,,,,,,,,,,,,,,,,,,,,,,,
Not getting randomly searched at Albert Heijn,02/08/2020,,,,,,,,,,,,,,,,,,,,,,,,,,,,,,,,,
My longest continuous swim,02/08/2020,,,,,,1,,,,,,,,,,,,,,,,,,,,,,,,,,,
Having free time,02/08/2020,,,,,,,1,,,,,,,,,,,,,,,,,,,,,,,,,,
Panda points are gone!,26/07/2020,,,,,,,,1,,1,,,,,,,,,,,,,,,,,,,,,,,
Two girls checking me out and giggling - on the street,25/07/2020,,,,,,,,,,1,,,,,,,,,,,,,,,,,,,,,,,
Summer rain,25/07/2020,,,,,,,,,,,,,,1,,,,,,,,,,,,,,,,,,,
Tranquil day,25/07/2020,,,,,,,,,,,,,,1,,,,,,,,,,,,,,,,,,,
Being intimate with someone for the first time in 9 months,24/07/2020,,,,,,,,1,,,,,,,,,,,,,,,,,,,,,,,,,
Swimming in the lake with swans,21/07/2020,,,,,,,,,,,1,,,,,,,,,,,,,,,,,,,,,,
A relaxed forest run with Hanneke,20/07/2020,1,1,,1,,,,,,,,,,,,,,,,,,,,,,,,,,,,,
An idyllic summer's day,12/07/2020,,,,,,,,,,,,,,,,,1,,,,,,,,,,,,,,,,
Long distance rides,12/07/2020,,,,,,,,,,,1,,,,,,,,,,,,,,,,,,,,,,
I got into good shape quickly!,11/07/2020,,,,,,1,,,,,,,,,,,,,,,,,,,,,,,,,,,
"""I fully support your learning"" -  Vladimir",10/07/2020,,,,,,,,,,,,,,,,,,,,1,,,,,,,,,,,,,
"I feel so at home now! The postal gy knew me, knew Maurits. We have our own postman! I have my own pub, Butcher's tears!",09/07/2020,,,,,,,,,,,,,1,,,,,,,,,,,,,,,,,,,,
"Amsterdam is home. Having ""the route"" with Joram",08/07/2020,,,,,,,,,,,,,1,,,,,,,,,,,,,,,,,,,,
No shin splints from 4km run,07/07/2020,,,,,1,,,,,,,,,,,,,,,,,,,,,,,,,,,,
"Crazy accomplishments today - brick session, great sprint planning, organised 2 dates, pub quiz, some ddata sci",07/07/2020,,,,,,1,,,,,,,,,,,,,,,,,,,,,,,,,,,
Dating is looking up,07/07/2020,,,,,,,,,,,,,,,,,,,,,,1,,,,,,,,,,,
A nice date,05/07/2020,,1,,,,,,,,,,,,,,,,,,,,,,,,,,,,,,,
Amsterdam is so cozy / first world / special,05/07/2020,,,,,,,,,,,,1,,,,,,,,,,,,,,,,,,,,,
"To be attracted to someone again - Vivian's friend, Clara",04/07/2020,,,,,,,,,,,,,,,,,,,,,,,,1,,,,,,,,,
"Vivian's gezellig party. Being at an all Dutch party as a real friend, not just the crowd",04/07/2020,1,1,,,,,,,,,,,1,,,,,,,,,,,,,,,,,,,,
Working with really good international people,01/07/2020,,,,,,,,,,,,,,,,,,,,1,,,,,,,,,,,,,
I slept in again!,30/06/2020,,,,,,,1,,,,,,,,,,,,,,,,,,,,,,,,,,
I slept in!,29/06/2020,,,,,,,1,,,,,,,,,,,,,,,,,,,,,,,,,,
RJ and friends,27/06/2020,,1,,,,,,,,,,,,,,,,,,,,,,,,,,,,,,,
Gersom sub 3,27/06/2020,,,,1,,,,,,,,,,,,,,,,,,,,,,,,,,,,,
"A full, far from bored, social but relaxed weekend",27/06/2020,,1,,,,,1,,,,,,,,,,,,,,,,,,,,,,,,,,
Tranquil Nieuwe meer,26/06/2020,,,,,,,,,,,1,,,,,,,,,,,,,,,,,,,,,,
"Cycling home tipsy, relaxed",26/06/2020,,,,,,,,,,,,1,,,,,,,,,,,,,,,,,,,,,
Nick,26/06/2020,1,,,,,,,,,,,,,,,,,,,,,,,,,,,,,,,,
I can leave my doors open,22/06/2020,,,,,,,,,,,,,1,,,,,,,,,,,,,1,,,,,,,
Things are open again (post corona),22/06/2020,,,,,,,,,,,,,,,,,,,,,,,,,1,,,,,,,,
Amazing weather,30/05/2020,,,,,,,,,,,,,,,,,1,,,,,,,,,,,,,,,,
Running in empty canals,29/05/2020,,,,,,,,,,,1,,,,,,,,,,,,,,,,,,,,,,
Running with Alex in Bos,28/05/2020,1,,,,,,,,,,1,,,,,,,,,,,,,,,,,,,,,,
Borrel in the park,27/05/2020,,1,,,,,,,,,,,,,,,,,,,,,,,,,,,,,,,
Nick and Sergey getting along,26/05/2020,1,,,,,,,,,,,,,,,,,,,,,,,,,,,,,,,,
"Tranquil cycle. With an ankle injury, at least I can cycle",19/05/2020,,,,,1,,,,,,1,,,,,,,,,,,,,,,,,,,,,,
Rooftop terrace,19/05/2020,,,,,,,,,,,,,,1,,,,,,,,,,,,,,,,,,,
Meeting free day,19/05/2020,,,,,,,1,,,,,,,,,,,,,,,,,,,,,,,,,,
Erik during lockdown,07/04/2020,1,,,,,,,,,,,,,,,,,,,,,,,,,,,,,,,,
Many people msging me during corona to ask how I am,07/04/2020,1,,,,,,,,,,,,,,,,,,,,,,,,,,,,,,,,
Not having to be hospitalised,07/04/2020,,,,,1,,,,,,,,,,,,,,,,,,,,,,,,,,,,
A perfect night's sleep,29/03/2020,,,,,1,,,,,,,,,,,,,,,,,,,,,,,,,,,,
"Working for a large, rich company in coronavirus times",24/04/2020,,,,,,,,,,,,,,,,,,,,,,,,,,,,,1,,,,
Getting home from Philppines,23/03/2020,,,,,,,,,,,,,,,,,,,,,,,,,,1,,,,,,,
Sunlight on my bed,23/03/2020,,,,,,,,,,,,,,1,,,,,,,,,,,,,,,,,,,
Rudi and Erik,23/03/2020,1,,,,,,,,,,,,,,,,,,,,,,,,,,,,,,,,
Rogier the super straightforward dentist,17/02/2020,,,,,,,,,,,,1,,,,,,,,,,,,,,,,,,,,,
Coming home to fresh sheets after rain,17/02/2020,,,,,,,,,,,,,,,1,,,,,,,,,,,,,,,,,,
So many beautiful women and some hope,17/02/2020,,,,,,,,,,,,1,,,,,,,,,,1,,,,,,,,,,,
Fresh sheets,16/02/2020,,,,,,,,,,,,,,,1,,,,,,,,,,,,,,,,,,
Hard rain,16/02/2020,,,,,,,,,,,,,,,,,1,,,,,,,,,,,,,,,,
Steyn and Bairstow grinning at each other after a funny delivery,12/02/2020,,,1,,,,,,,,,,,,,,,,,,,,,,,,,,,,,,
Steyn playing cricket again,12/02/2020,,,,,,,,,,,,,,,,,,,,,,,,,,,1,,,,,,
SA Winning; Ngidi & De Kock's smiles,12/02/2020,,,,,,,,,,,,,,,,,,,,,,,,,,,1,,,,,,
Living in a safe bubble,08/02/2020,,,,,,,,,,,,1,,,,,,,,,,,,,,1,,,,,,,
Piles of jackets in bars,08/02/2020,,,,,,,,,,,,1,,,,,,,,,,,,,,,,,,,,,
Innocent happiness of people taking home pizza on the train,07/02/2020,,,1,,,,,,,,,,,,,,,,,,,,,,,,,,,,,,
Camraderie: Carlos Tasada coming on short notice to help payments,07/02/2020,,,,,,,,,,,,,,,,,,,,1,,,,,,,,,,,,,
Timtams,06/02/2020,,,,,,,,,,,,,,,,,,,,,,,,,,,,1,,,,,
Giggling with Thijs and Rhin Ja,06/02/2020,,1,,,,,,,,,,,,,,,,,,,,,,,,,,,,,,,
"Being able to use ""takesie backsies"" in a meeting",06/02/2020,,,,,,,,,,,,,,,,,,,,1,,,,,,,,,,,,,
My man cave,04/02/2020,,,,,,,,,,,,,,1,,,,,,,,,,,,,,,,,,,
Dutch humour in B.A.M. presentation,03/02/2020,,,,,,,,,,,,1,,,,,,,,,,,,,,,,,,,,,
"Ioannis, Diogo, etc",03/02/2020,,,,,,,,,,,,,,,,,,,,1,,,,,,,,,,,,,
Good games of sc2,26/01/2020,,,,,,,,,,,,,,,,,,,,,,,,,,,,,,,,,1
Some sun,26/01/2020,,,,,,,,,,,,,,,,,1,,,,,,,,,,,,,,,,
Wan & Stef,26/01/2020,1,,,,,,,,,,,,,,,,,,,,,,,,,,,,,,,,
Tommy cooking for me,25/01/2020,1,,,,,,,,,,,,1,,,,,,,,,,,,,,,,,,,,
Quiet Amstel,25/01/2020,,,,,,,,,,,1,,,,,,,,,,,,,,,,,,,,,,
Gustavo and his friends,24/01/2020,1,1,,,,,,,,,,,,,,,,,,,,,,,,,,,,,,,
I'm back on track! 400m PB,23/01/2020,,,,,,1,,,,,,,,,,,,,,,,,,,,,,,,,,,
I won a tech argument vs maksym / compliance!,20/01/2020,,,,,,,,,,,,,,,,,,,1,,,,,,,,,,,,,,
Sun!!!!,19/01/2020,,,,,,,,,,,,,,,,,1,,,,,,,,,,,,,,,,
A LSD run without stomach issues,19/01/2020,,,,,1,,,,,,,,,,,,,,,,,,,,,,,,,,,,
Junkies friends,18/01/2020,,1,,,,,,,,,,,,,,,,,,,,,,,,,,,,,,,
Rudi and Erik games,18/01/2020,1,,,,,,,,,,,,,,,,,,,,,,,,,,,,,,,,
Some good flow in my DSI writeup,18/01/2020,,,,,,,,,,,,,,,,,,,,,1,,,,,,,,,,,,
Jokes at work,17/01/2020,,,,,,,,,,,,,,,,,,,,1,,,,,,,,,,,,,
Work is challenging,17/01/2020,,,,,,,,,,,,,,,,,,,,,1,,,,,,,,,,,,
It's the weekend!,17/01/2020,,,,,,,1,,,,,,,,,,,,,,,,,,,,,,,1,,,
Tommy inviting me to holiday,16/01/2020,1,1,,,,,,,,,,,1,,,,,,,,,,,,,,,,,,,,
Christy etc inviting me to holiday,16/01/2020,,1,,,,,,,,,,,1,,,,,,,,,,,,,,,,,,,,
Beauty of Amsterdam,16/01/2020,,,,,,,,,,,,1,,,,,,,,,,,,,,,,,,,,,
Actually wanting to hang around for beers after track,16/01/2020,,1,,,,,,,,,,,,,,,,,,,,,,,,,,,,,,,
Working with such different people and cultures and nations,15/01/2020,,,,,,,,,,,,,,,,,,,,1,,,,,,,,,1,,,,
Life has changed so much for the positive since Kimberley,15/01/2020,,,,,,,,,,,,,,,,,,,1,,,,,,,,,,,,,,
Friends referring to me in their strava activity. No shortage of chats on Tues junkies. I finally feel like a social queen,15/01/2020,,1,,,,,,,,,,,,,,,,,,,,,,,,,,,,,,,
Friendly old ladies in Etos,15/01/2020,,,,,,,,,,,,1,,,,,,,,,,,,,,,,,,,,,
Coming home and it's light!,14/01/2020,,,,,,,,,,,,,,,,,1,,,,,,,,,,,,,,,,
Marco being nice,14/01/2020,,,,,,,,,,,,,,,,,,,,1,,,,,,,,,,,,,
Friendly girl telling me to PASOP for traffic,14/01/2020,,,1,,,,,,,,,1,,,,,,,,,,,,,,,,,,,,,
Junkies as friends,13/01/2020,,1,,,,,,,,,,,,,,,,,,,,,,,,,,,,,,,
Hope (Diana),13/01/2020,,,,,,,,,,,,,,,,,,,,,,1,,,,,,,,,,,
Motorbike on bike path getting ticket,13/01/2020,,,1,,,,,,,,,,,,,,,,,,,,,,,,,,,,,,
"Even if torture, I can run 26km on a whim",12/01/2020,,,,,,1,,,,,,,,,,,,,,,,,,,,,,,,,,,
Being outside and not freeing,12/01/2020,,,,,,,,,,,,,,,,,1,,,,,,,,,,,,,,,,
Johann & Erik jokes,12/01/2020,1,,,,,,,,,,,,,,,,,,,,,,,,,,,,,,,,
A reasonable amount of work,06/01/2020,,,,,,,1,,,,,,,,,,,,,,,,,,,,,,,,,,
No meetings,06/01/2020,,,,,,,1,,,,,,,,,,,,,,,,,,,,,,,,,,
It's cool how people react to little things like turkish delights,30/12/2019,,,1,,,,,,,,,,,,,,,,,,,,,,,,,,,,,,
Having a big group of friends for the first time,30/12/2019,,1,,,,,,,,,,,,,,,,,,,,,,,,,,,,,,,
"Erik, Cris, Alies",26/12/2019,1,,,,,,,,,,,,,,,,,,,,,,,,,,,,,,,,
"Some space at work, finally",23/12/2019,,,,,,,1,,,,,,,,,,,,,,,,,,,,,,,,,,
A good run,23/12/2019,,,,1,,,,,,,,,,,,,,,,,,,,,,,,,,,,,
Justified a new team! ,20/12/2019,,,,,,,1,,,,,,,,,,,,1,,,,,,,,,,,,,,
Dutch good-naturedness,20/12/2019,,,,,,,,,,,,1,,,,,,,,,,,,,,,,,,,,,
A day off,16/12/2019,,,,,,,1,,,,,,,,,,,,,,,,,,,,,,,,,,
soft rain outside,16/12/2019,,,,,,,,,,,,,,,,,1,,,,,,,,,,,,,,,,
Amsterdam is beautiful in the dark,14/12/2019,,,,,,,,,,,1,1,,,,,,,,,,,,,,,,,,,,,
Amsterdam pile of bags,13/12/2019,,,,,,,,,,,,1,,,,,,,,,,,,,,,,,,,,,
Dutch Friday Borrel evenings,13/12/2019,,,,,,,,,,,,1,,,,,,,,,,,,,,,,,,,,,
Emptier gym,11/12/2019,,,,,,,,,,,,,,,1,,,,,,,,,,,,,,,,,,
Friendly people in gym,11/12/2019,,,1,,,,,,,,,,,,,,,,,,,,,,,,,,,,,,
ML / DS,11/12/2019,,,,,,,,,,,,,,,,,,,,,1,1,,,,,,,,,,,
It's become easy to fit in with the RJ,10/12/2019,,1,,,,,,,,,,,,,,,,,,,,,,,,,,,,,,,
Friendly Dutch men,10/12/2019,,,,,,,,,,,,1,,,,,,,,,,,,,,,,,,,,,
Jacuzzi,08/12/2019,,,,,,,,,,,,,,,1,,,,,,,,,,,,,,,,,,
Some good dev time,08/12/2019,,,,,,,,,,,,,,,,,,,,,1,,,,,,,,,,,,
"People smiling cutely at other people's kids, and this not being negatively perceived",07/12/2019,,,1,,,,,,,,,1,,,,,,,,,,,,,,,,,,,,,
Dutch friendliness at bag drop,07/12/2019,,,,,,,,,,,,1,,,,,,,,,,,,,,,,,,,,,
RJ - a day with real friends,07/12/2019,,1,,,,,,,,,,,,,,,,,,,,,,,,,,,,,,,
"Finally, a weekend",06/12/2019,,,,,,,1,,,,,,,,,,,,,,,,,,,,,,,,,,
Payreport isn't entirely broken,06/12/2019,,,,,,,,,,,,,,,,,,,,,,,,,,,,,,1,,,
29 days leave from now on!,05/12/2019,,,,,,,,,,,,,,,,,,,,,,,,,,,,,1,,,,
So much hope in Amsterdam,02/12/2020,,,,,,,,,,,,1,,,,,,,,,,1,,,,,,,,,,,
Friendly people here,02/12/2019,,,1,,,,,,,,,1,,,,,,,,,,,,,,,,,,,,,
An 8 degree day in Dec,02/12/2019,,,,,,,,,,,,,,,,,1,,,,,,,,,,,,,,,,
Allowed a late checkout,01/12/2019,,,,,,,,,,,,,,,,1,,,,,,,,,,,,,,,,,
Chirping birds all over,01/12/2019,,,,,,,,,,,1,,,,,,,,,,,,,,,,,,,,,,
"Victor, again",01/12/2019,1,,,,,,,,,,,,,,,,,,,,,,,,,,,,,,,,
Victor,30/11/2019,1,,,,,,,,,,,,,,,,,,,,,,,,,,,,,,,,
Warm evenings,30/11/2019,,,,,,,,,,,,,,,,,1,,,,,,,,,,,,,,,,
Beautiful CT views,30/11/2019,,,,,,,,,,,1,,,,,,,,,,,,,,,,,,,,,,
Knowing my mountain backwards,30/11/2019,,,,,,,,,,,,,1,,,,,,,,,,,,,,,,,,,,
Sister time,29/11/2019,1,,,,,,,,,,,,,,,,,,,,,,,,,,,,,,,,
Cheap SA meals,29/11/2019,,,,,,,,,,,,,,,,1,,,,,,,,,,,,,,,,,
Friends' babies,29/11/2019,,,1,,,,,,,,,,,,,,,,,,,,,,,,,,,,,,
Noise cancelling headphones >>> babies,28/11/2019,,,,,,,,,,,,,,,,,,,,,,,,,,,,,,,1,,
Friendly Gautrain security guard helping me,28/11/2019,,,1,,,,,,,,,,,,,,,,,,,,,,,,,,,,,,
The smell of a rock on the mountain,28/11/2019,,,,,,,,,,,1,,,,,,,,,,,,,,,,,,,,,,
Seeing mom,27/11/2019,1,,,,,,,,,,,,,,,,,,,,,,,,,,,,,,,,
Takara,27/11/2019,1,,,,,,,,,,,,,,,,,,,,,,,,,,,,,,,,
Being able to sit outside,27/11/2019,,,,,,,,,,,,,,,,,1,,,,,,,,,,,,,,,,
Amsterdam train system. So easy to get to airport,26/11/2019,,,,,,,,,,,,1,,,,,,,,,,,,,,,,,,,,,
"Man drops money, TWO strangers point him to it",26/11/2019,,,1,,,,,,,,,,,,,,,,,,,,,,,,,,,,,,
An empty flight,26/11/2019,,,,,,,,,,,,,,,,1,,,,,,,,,,,,,,,,,
SC2,24/11/2019,,,,,,,,,,,,,,,,,,,,,,,,,,,,,,,,,1
"A day truly to myself, even if it felt uncomfortable",24/11/2019,,,,,,,1,,,,,,,,,,,,,,,,,,,,,,,,,,
"Big, calm bedroom window",24/11/2019,,,,,,,,,,,,,,1,,,,,,,,,,,,,,,,,,,
An empty gym,23/11/2019,,,,,,,,,,,,,,,,1,,,,,,,,,,,,,,,,,
Ioanna friendship,23/11/2019,1,,,,,,,,,,,,,,,,,,,,,,,,,,,,,,,,
I have work friends,23/11/2019,,1,,,,,,,,,,,,,,,,,,1,,,,,,,,,,,,,
Gringotts bank B.Com office,22/11/2019,,,,,,,,,,,,,,,,,,,,,,,,,,,,,1,,,,
Amsterdam is fucking beautiful / tranquil in the morning,22/11/2019,,,,,,,,,,,1,1,,,,,,,,,,,,,,,,,,,,,
"I can open up my smartphone, flirt with a stranger, go hoome, for 15 euro",22/11/2019,,,,,,,,,,,,,,,,,,,,,,,,,,,,,,,1,,
Romantic-Interest-M and I talking again,22/11/2019,,,,,,,,,,,,,,,,,,,,,,1,,,,,,,,,,,
Dutch ppl and friends,21/11/2019,,1,,,,,,,,,,,,,,,,,,,,,,,,,,,,,,,
Growing friendships - stef & cris,21/11/2019,1,,,,,,,,,,,,,,,,,,,,,,,1,,,,,,,,,
Hope! Romantic-Interest-A! Hope! Romantic-Interest-M!,21/11/2019,,,,,,,,,,,,,,,,,,,,,,1,,,,,,,,,,,
"Tranquil evenings, even if cold",20/11/2019,,,,,,,,,,,,,,,,,1,,,,,,,,,,,,,,,,
I kissed a dutch girl!!!,20/11/2019,,,,,,,,,,1,,,,,,,,,,,,,,,,,,,,,,,
Being in demand again,20/11/2019,,,,,,,,,,1,,,,,,,,,,,,,,,,,,,,,,,
RJ - to fix my mood,19/11/2019,,1,,,,,,,,,,,,,,,,,,,,,,,,,,,,,,,
Alex - to fix my mood,19/11/2019,1,,,,,,,,,,,,,,,,,,,,,,,,,,,,,,,,
Australians,19/11/2019,,,1,,,,,,,,,,,,,,,,,,,,,,,,,,,,,,
Person staying in my apartment has left - peace!,18/11/2019,,,,,,,1,,,,,,,,,,,,,,,,,,,,,,,,,,
An evening to myself,18/11/2019,,,,,,,1,,,,,,,,,,,,,,,,,,,,,,,,,,
"Clean everything, including clean slate. No commitmments for months!",18/11/2019,,,,,,,1,,,,,,,,,,,,,,,,,,,,,,,,,,
Arguments are good,17/11/2019,,,1,,,,,,,,,,,,,,,,,,,,,,,,,,,,,,
A sunny day,17/11/2019,,,,,,,,,,,,,,,,,1,,,,,,,,,,,,,,,,
Cooking nice food,17/11/2019,,,,,,,,,,,,,,,,,,,,,,,,,,,,1,,,,,
Being able to sleep in,16/11/2019,,,,,,,1,,,,,,,,,,,,,,,,,,,,,,,,,,
"Good, old friends",16/11/2019,1,,,,,,,,,,,,,,,,,,,,,,,,,,,,,,,,
When a girl looks at you with twinkly sexy eyes,15/11/2019,,,,,,,,,,1,,,,,,,,,,,,,,,,,,,,,,,
Waking up in Utrecht,15/11/2019,,,,,,,,1,,,,,,,,,,,,,,,,,,,,,,,,,
Real friends,15/11/2019,,1,,,,,,,,,,,,,,,,,,,,,,,,,,,,,,,
Vladimir on my side,14/11/2019,,,,,,,,,,,,,,,,,,,,1,,,,,,,,,,,,,
Jokey team,14/11/2019,,,,,,,,,,,,,,,,,,,,1,,,,,,,,,,,,,
Scones,14/11/2019,,,,,,,,,,,,,,,,,,,,,,,,,,,,1,,,,,
A good date with Romantic-Interest-V,13/11/2019,,1,,,,,,,,,,,,,,,,,,,,,,,,,,,,,,,
Funny things like bishi bashi,13/11/2019,,,1,,,,,,,,,,,,,,,,,,,,,,,,,,,,,,
Healthy work food,13/11/2019,,,,,,,,,,,,,,,,,,,,,,,,,,,,,1,,,,
Sleeping in,12/11/2019,,,,,,,1,,,,,,,,,,,,,,,,,,,,,,,,,,
An empty todo list,12/11/2019,,,,,,,1,,,,,,,,,,,,,,,,,,,,,,,,,,
Innocent flirting,12/11/2019,,,,,,,,,,1,,,,,,,,,,,,,,,,,,,,,,,
It doesnt get too cold here,12/11/2019,,,,,,,,,,,,1,,,,,1,,,,,,,,,,,,,,,,
A lot of accomplishments in one evening,11/11/2019,,,,,,,,,,,,,,,,,,,,,1,,,,,,,,,,,,
PMs and coffee,11/11/2019,,,,,,,,,,,,,,,,,,,,1,,,,,,,,,,,,,
Being excited about data science,11/11/2019,,,,,,,,,,,,,,,,,,,,,1,1,,,,,,,,,,,
3h straight conversation with Daniel,10/11/2019,1,,,,,,,,,,,,,,,,,,,,,,,,,,,,,,,,
Beautiful tranquil mornings,10/11/2019,,,,,,,,,,,1,,,,,,,,,,,,,,,,,,,,,,
a 72km week!,10/11/2019,,,,,,1,,,,,,,,,,,,,,,,,,,,,,,,,,,
"New experiences. Even if a movie is weird, its a new experience",10/11/2019,,,,,,,,,1,,,,,,,,,,,,,,,,,,,,,,,,
Doing small things in flow,10/11/2019,,,,,,,,,,,,,,,,,,,,,1,,,,,,,,,,,,
A romantic offer - feeling wanted,09/11/2019,,,,,,,,,,1,,,,,,,,,,,,,,,,,,,,,,,
An evening to myself,09/11/2019,,,,,,,1,,,,,,,,,,,,,,,,,,,,,,,,,,
Hope - Romantic-Interest-A!,08/11/2019,,,,,,,,,,,,,,,,,,,,,,1,,1,,,,,,,,,
Some free time to data sci,08/11/2019,,,,,,,1,,,,,,,,,,,,,,1,,,,,,,,,,,,
Friendly dutch old ladies,08/11/2019,,,,,,,,,,,,1,,,,,,,,,,,,,,,,,,,,,
Guitar solo in ordinary world,08/11/2019,,,,,,,,,,,,,,,,,,,,,,,,,,,,,,,,1,
A good night's sleep,07/11/2019,,,,,1,,,,,,,,,,,,,,,,,,,,,,,,,,,,
A PR in track session,07/11/2019,,,,,,1,,,,,,,,,,,,,,,,,,,,,,,,,,,
You are a handsome beast in running clothes,05/11/2019,,,,,,,,,,1,,,,,,,,,,,,,,,,,,,,,,,
Gabrielle cake. AND HOPE,05/11/2019,,1,,,,,,,,,,,,,,,,,,,,1,,,,,,,,,,,
Delicious RJ food,05/11/2019,,1,,,,,,,,,,,,,,,,,,,,,,,,,,1,,,,,
Tranquil evening,04/11/2019,,,,,,,,,,,1,,,,,,,,,,,,,,,,,,,,,,
4 min ride to date. Insane convenience,04/11/2019,,,,,,,,,,,,1,,,,,,,,,,,,,,,,,,,,,
Team's sense of humour,04/11/2019,,,,,,,,,,,,,,,,,,,,1,,,,,,,,,,,,,
Gezelligheid in jacuzzis,03/11/2019,,1,,,,,,,,,,,,,,,,,,,,,,,,,,,,,,,
Tommie and Thomas,03/11/2019,1,,,,,,,,,,,,,,,,,,,,,,,,,,,,,,,,
Silence - 10 mins from CBD in Amsterdam,03/11/2019,,,,,,,,,,,1,1,,,,,,,,,,,,,,,,,,,,,
RWC winners!,02/11/2019,,,,,,,,,,,,,,,,,,,,,,,,,,,1,,,,,,
I find it easy with friends again,02/11/2019,,1,,,,,,,,,,,,,,,,,,,,,,,,,,,,,,,
Wind in the leaves,02/11/2019,,,,,,,,,,,1,,,,,,,,,,,,,,,,,,,,,,
Easy morning - everything going slowly,01/11/2019,,,,,,,1,,,,,,,,,,,,,,,,,,,,,,,,,,
A massive albert heijn,01/11/2019,,,,,,,,,,,,,,1,,,,,,,,,,,,,,,,,,,
Wind in the leaves,01/11/2019,,,,,,,,,,,1,,,,,,,,,,,,,,,,,,,,,,
1 km PR!,31/10/2019,,,,,,1,,,,,,,,,,,,,,,,,,,,,,,,,,,
1 year anniversary in amsterdam and I have friends,31/10/2019,,1,,,,,,,,,,,,,,,,,,,,,,,,,,,,,,,
Indoor gezelligheid,31/10/2019,,,,,,,,,,,,1,,,,,,,,,,,,,,,,,,,,,
Sergey,30/10/2019,1,,,,,,,,,,,,,,,,,,,,,,,,,,,,,,,,
Dutch culture,30/10/2019,,,,,,,,,,,,1,,,,,,,,,,,,,,,,,,,,,
Ability to just bump off work,30/10/2019,,,,,,,,,,,,,,,,,,,,,,,,,,,,,1,,,,
RJ,29/10/2019,,1,,,,,,,,,,,,,,,,,,,,,,,,,,,,,,,
Garlic didn't kill my stomach,29/10/2019,,,,,1,,,,,,,,,,,,,,,,,,,,,,,,,,,,
Banter with Emma,29/10/2019,,,,,,,,,,1,,,,,,,,,,,,,,,,,,,,,,,
Good SC2 times,28/10/2019,,,,,,,,,,,,,,,,,,,,,,,,,,,,,,,,,1
Being fit,28/10/2019,,,,,,1,,,,,,,,,,,,,,,,,,,,,,,,,,,
David mitchell rants,28/10/2019,,,1,,,,,,,,,,,,,,,,,,,,,,,,,,,,,,
A good rugby team,27/10/2019,,,,,,,,,,,,,,,,,,,,,,,,,,,1,,,,,,
Bacon and eggs ,27/10/2019,,,,,,,,,,,,,,,,,,,,,,,,,,,,1,,,,,
LSD running in the zone,27/10/2019,,,,1,,,,,,,,,,,,,,,,,,,,,,,,,,,,,
Being held by Flopy,26/10/2019,,,,,,,,1,,1,,,,,,,,,,,,,,,,,,,,,,,
"Gustavo, even though we are different",26/10/2019,1,,,,,,,,,,,,,,,,,,,,,,,,,,,,,,,,
Dancing happily sober,26/10/2019,,1,,,,,,,,,,,,,,,,,,,,,,,,,,,,,,,
"Even when work is super shit, Paolo Jitu and Vladimir are cool",25/10/2019,,,,,,,,,,,,,,,,,,,,1,,,,,,,,,,,,,
Easy runs,25/10/2019,,,,1,,,,,,,,,,,,,,,,,,,,,,,,,,,,,
Spag bol,25/10/2019,,,,,,,,,,,,,,,,,,,,,,,,,,,,1,,,,,
Running barefoot,24/10/2019,,,,1,,,,,,,,,,,,,,,,,,,,,,,,,,,,,
Warm rain,24/10/2019,,,,,,,,,,,,,,,,,1,,,,,,,,,,,,,,,,
In bed early despite a crazy day,24/10/2019,,,,,,,,,,,,,,,,,,,,,,,,,,,,,,1,,,
Vladimir calmness,23/10/2019,,,,,,,,,,,,,,,,,,,,1,,,,,,,,,,,,,
Spag bol,23/10/2019,,,,,,,,,,,,,,,,,,,,,,,,,,,,1,,,,,
Quick in-n-out shopping,23/10/2019,,,,,,,,,,,,,,1,,,,,,,,,,,,,,,,,,,
Whiteboard sessions at work,22/10/2019,,,,,,,,,,,,,,,,,,,,,1,,,,,,,,,,,,
Smart MBA ppl,22/10/2019,,,,,,,,,,,,,,,,,,,,1,,,,,,,,,,,,,
Always cycling in Ams,22/10/2019,,,,,,,,,,,,1,,,,,,,,,,,,,,,,,,,,,
Being able to take lazy day WFH,21/10/2019,,,,,,,,,,,,,,,,,,,,,,,,,,,,,1,,,,
Praxis boxes,21/10/2019,,,,,,,,,,,,,,,1,,,,,,,,,,,,,,,,,,
SUB 90 HALF,20/10/2019,,,,,,1,,,,,,,,,,,,,,,,,,,,,,,,,,,
RJ,20/10/2019,,1,,,,,,,,,,,,,,,,,,,,,,,,,,,,,,,
"Friends! Ioanna, Alex",20/10/2019,1,,,,,,,,,,,,,,,,,,,,,,,,,,,,,,,,
Romantic hope!,19/10/2019,,,,,,,,,,,,,,,,,,,,,,1,,,,,,,,,,,
Rugby is a respectful sport - humanity,19/10/2019,,,1,,,,,,,,,,,,,,,,,,,,,,,,,,,,,,
RJ: my friends,18/10/2019,,1,,,,,,,,,,,,,,,,,,,,,,,,,,,,,,,
Bars / gezellig places close by,18/10/2019,,,,,,,,,,,,,1,,,,,,,,,,,,,,,,,,,,
Cohesion of payments track,18/10/2019,,,,,,,,,,,,,,,,,,,,1,,,,,,,,,,,,,
Concerts in a church,17/10/2019,,,,,,,,,,,,1,,,,,,,,,,,,,,,,,,,,1,
Sergey in meetings,17/10/2019,,,,,,,,,,,,,,,,,,,,1,,,,,,,,,,,,,
Muhammad,17/10/2019,,,,,,,,,,,,,,,,,,,,1,,,,,,,,,,,,,
Actual friends and work,16/10/2019,,,,,,,,,,,,,,,,,,,,1,,,,,,,,,,,,,
Mild weather,16/10/2019,,,,,,,,,,,,,,,,,1,,,,,,,,,,,,,,,,
An easy city for running,16/10/2019,,,,,,,,,,,,1,,,,,,,,,,,,,,,,,,,,,
The book of mormon,15/10/2019,,,1,,,,,,,,,,,,,,,,,,,,,,,,,,,,,,
Luiza,15/10/2019,1,,,,,,,,,,,,,,,,,,,,,,,,,,,,,,,,
Mild weather,15/10/2019,,,,,,,,,,,,,,,,,1,,,,,,,,,,,,,,,,
My team at work,14/10/2019,,,,,,,,,,,,,,,,,,,,1,,,,,,,,,,,,,
Amsterdam's parks,14/10/2019,,,,,,,,,,,,1,,,,,,,,,,,,,,,,,,,,,
New food recipes,14/10/2019,,,,,,,,,1,,,,,,,,,,,,,,,,,,,,,,,,
Disney + free movies,14/10/2019,,,,,,,,,,,,,,,,1,,,,,,,,,,,,,,,,,
Broers,13/10/2019,,,,,,,,,,,,1,,,,,,,,,,,,,,,,,,,,,
Gettting checked out while running,13/10/2019,,,,,,,,,,1,,,,,,,,,,,,,,,,,,,,,,,
Japanese rugby team and their humbleness,13/10/2019,,,1,,,,,,,,,,,,,,,,,,,,,,,,,,,,,,
Running barefoot,12/10/2019,,,,1,,,,,,,,,,,,,,,,,,,,,,,,,,,,,
"Seeing kipchonge go straight to his wife, after breaking 2h",12/10/2019,,,1,,,,,,,,,,,,,,,,,,,,,,,,,,,,,,
A good brain capable of writing insightful medium posts so early on in my career,12/10/2019,,,,,,,,,,,,,,,,,,1,,,,,,,,,,,,,,,
Being invited to vrimibo,11/10/2019,,1,,,,,,,,,,,,,,,,,,,,,,,,,,,,,,,
Trams,11/10/2019,,,,,,,,,,,,1,,,,,,,,,,,,,,,,,,,,,
"Being obviously checked out, so many times",11/10/2019,,,,,,,,,,1,,,,,,,,,,,,,,,,,,,,,,,
RJ thirsty thursday,10/10/2019,,1,,,,,,,,,,,,,,,,,,,,,,,,,,,,,,,
Out for drinks. Everyone cycles home like youre kids,10/10/2019,,,,,,,,,,,,1,,,,,,,,,,,,,,,,,,,,,
Hope: Romantic-Interest-A,10/10/2019,,,,,,,,,,,,,,,,,,,,,,1,,1,,,,,,,,,
Efficient dutch medical system,09/10/2019,,,,,,,,,,,,1,,,,,,,,,,,,,,,,,,,,,
Unquestioned sick leave,09/10/2019,,,,,,,,,,,,,,,,,,,,,,,,,,,,,1,,,,
A delicious afternoon nap,09/10/2019,,,,,,,1,,,,,,,,,,,,,,,,,,,,,,,,,,
Running junkies fast as fuck,08/10/2019,,,,,,1,,,,,,,,,,,,,,,,,,,,,,,,,,,
Muhammad,08/10/2019,,,,,,,,,,,,,,,,,,,,1,,,,,,,,,,,,,
Cycling home,08/10/2019,,,,,,,,,,,,1,,,,,,,,,,,,,,,,,,,,,
NL = freeish healthcare,08/10/2019,,,,,,,,,,,,1,,,,,,,,,,,,,,,,,,,,,
Popcorn,07/10/2019,,,,,,,,,,,,,,,,,,,,,,,,,,,,1,,,,,
Booking.com lunches,07/10/2019,,,,,,,,,,,,,,,,,,,,,,,,,,,,,1,,,,
Paolo's work,07/10/2019,,,,,,,,,,,,,,,,,,,,1,,,,,,,,,,,,,
Indoor heating,09/10/2019,,,,,,,,,,,,,,1,,,,,,,,,,,,,,,,,,,
Spotify,09/10/2019,,,,,,,,,,,,,,,,,,,,,,,,,,,,,,,,1,
Tinder,09/10/2019,,,,,,,,,,,,,,,,,,,,,,,,,,,,,,,1,,